label,dice,iou
Fish,0.641806,0.489252
Flower,0.525365,0.369887
Gravel,0.600194,0.437445
Sugar,0.312829,0.452937
