{
  "dice_coef": 0.5608281493186951,
  "iou_coef": 0.39040660858154297,
  "loss": 0.8385171890258789,
  "pixel_f1": 0.622235119342804,
  "pixel_precision": 0.68517005443573,
  "pixel_recall": 0.5737058520317078,
  "det_precision_fish": 0.35294117647058826,
  "det_recall_fish": 0.34285714285714286,
  "det_f1_fish": 0.3478260869565218,
  "det_ap50_fish": 0.2799068409685761,
  "det_mean_iou_fish": 0.6327074030451522,
  "det_precision_flower": 0.5,
  "det_recall_flower": 0.6086956521739131,
  "det_f1_flower": 0.5490196078431373,
  "det_ap50_flower": 0.5886006304163285,
  "det_mean_iou_flower": 0.7586362412433519,
  "det_precision_gravel": 0.3170731707317073,
  "det_recall_gravel": 0.4482758620689655,
  "det_f1_gravel": 0.37142857142857144,
  "det_ap50_gravel": 0.4028823212429997,
  "det_mean_iou_gravel": 0.6973735128130242,
  "det_precision_sugar": 0.46808510638297873,
  "det_recall_sugar": 0.5945945945945946,
  "det_f1_sugar": 0.5238095238095238,
  "det_ap50_sugar": 0.4755647890142929,
  "det_mean_iou_sugar": 0.6965497248367355,
  "det_precision": 0.4095248633963186,
  "det_recall": 0.498605812923654,
  "det_f1": 0.44802094750943855,
  "det_ap50": 0.4367386454105493,
  "det_mean_iou": 0.6963167204845659,
  "config": {
    "seed": 42,
    "image_size": 192,
    "orig_height": 1400,
    "orig_width": 2100,
    "batch_size": 8,
    "epochs_stage1": 30,
    "epochs_stage2": 30,
    "max_images": 200,
    "fine_tune_last_layers": 16,
    "learning_rate_stage1": 0.001,
    "learning_rate_stage2": 2e-05,
    "auto_tune": false,
    "tuning_trials": 3,
    "tuning_train_samples": 256,
    "tuning_val_samples": 64,
    "evaluation_batches": 12,
    "object_iou_threshold": 0.5,
    "classes": [
      "Fish",
      "Flower",
      "Gravel",
      "Sugar"
    ]
  },
  "selected_checkpoint": "/teamspace/studios/this_studio/models/checkpoints/stage1_best.weights.h5",
  "stage1_checkpoint_dice": 0.5608281493186951,
  "stage2_checkpoint_dice": 0.5594016313552856
}